<?xml version="1.0" encoding="UTF-8"?>
<project xmlns="http://maven.apache.org/POM/4.0.0" xmlns:xsi="http://www.w3.org/2001/XMLSchema-instance" xsi:schemaLocation="http://maven.apache.org/POM/4.0.0 http://maven.apache.org/maven-v4_0_0.xsd">
  <modelVersion>4.0.0</modelVersion>
  <groupId>me.astero</groupId>
  <artifactId>companions</artifactId>
  <version>1.7.1</version>
  <build>
    <sourceDirectory>src</sourceDirectory>
    <resources>
      <resource>
        <filtering>true</filtering>
        <directory>${basedir}/src/resources</directory>
        <includes>
          <include>*</include>
        </includes>
      </resource>
    </resources>
    <plugins>

      <plugin>
        <groupId>org.apache.maven.plugins</groupId>
        <artifactId>maven-compiler-plugin</artifactId>
        <version>3.7.0</version>
        <configuration>
          <source>1.8</source>
          <target>1.8</target>
        </configuration>
      </plugin>
      <plugin>
        <groupId>org.apache.maven.plugins</groupId>
        <artifactId>maven-shade-plugin</artifactId>
        <version>3.1.0</version>
        <executions>
          <execution>
            <phase>package</phase>
            <goals>
              <goal>shade</goal>
            </goals>
            <configuration>
              <minimizeJar>true</minimizeJar>
              <filters>
                <filter>
                  <artifact>me.andy:myapi:1.0</artifact>
                  <includes>
                    <include>**</include>
                  </includes>
                </filter>
              </filters>
            </configuration>
          </execution>
        </executions>
      </plugin>
    </plugins>
  </build>
  <repositories>
    <repository>
      <id>spigot-repo</id>
      <url>https://hub.spigotmc.org/nexus/content/repositories/snapshots/</url>
    </repository>
    <repository>
      <snapshots>
        <updatePolicy>always</updatePolicy>
      </snapshots>
      <id>CompanionsAPI-mvn-repo</id>
      <url>https://github.com/Aster0/CompanionsAPI/raw/mvn-repo/</url>
    </repository>
  </repositories>
  <dependencies>
    <dependency>
      <groupId>org.projectlombok</groupId>
      <artifactId>lombok</artifactId>
      <version>1.18.20</version>
      <scope>provided</scope>
    </dependency>
    <dependency>
      <groupId>me.astero</groupId>
      <artifactId>companionsapi</artifactId>
      <version>1.2-SNAPSHOT</version>
    </dependency>






    <dependency>
      <groupId>org.spigotmc</groupId>
      <artifactId>spigot</artifactId>
      <version>1.19.4-R0.1-SNAPSHOT</version>
      <scope>provided</scope>
    </dependency>






    <dependency>
      <groupId>com.zaxxer</groupId>
      <artifactId>HikariCP</artifactId>
      <version>5.0.1</version>
    </dependency>
  </dependencies>
  <properties>
    <maven.compiler.target>1.8</maven.compiler.target>
    <maven.compiler.source>1.8</maven.compiler.source>
  </properties>
</project>
